id,season,team1,team2,toss_winner,toss_decision,winner,toss_win_match_win,target
1,2017,Sunrisers Hyderabad,Royal Challengers Bangalore,Royal Challengers Bangalore,field,Sunrisers Hyderabad,0,1
2,2017,Mumbai Indians,Rising Pune Supergiant,Rising Pune Supergiant,field,Rising Pune Supergiant,1,0
3,2017,Gujarat Lions,Kolkata Knight Riders,Kolkata Knight Riders,field,Kolkata Knight Riders,1,0
4,2017,Rising Pune Supergiant,Punjab Kings,Kings XI Punjab,field,Punjab Kings,0,0
5,2017,Royal Challengers Bangalore,Delhi Capitals,Royal Challengers Bangalore,bat,Royal Challengers Bangalore,1,1
6,2017,Gujarat Lions,Sunrisers Hyderabad,Sunrisers Hyderabad,field,Sunrisers Hyderabad,1,0
7,2017,Kolkata Knight Riders,Mumbai Indians,Mumbai Indians,field,Mumbai Indians,1,0
8,2017,Royal Challengers Bangalore,Punjab Kings,Royal Challengers Bangalore,bat,Punjab Kings,0,0
9,2017,Delhi Capitals,Rising Pune Supergiant,Rising Pune Supergiant,field,Delhi Capitals,0,1
10,2017,Sunrisers Hyderabad,Mumbai Indians,Mumbai Indians,field,Mumbai Indians,1,0
11,2017,Punjab Kings,Kolkata Knight Riders,Kolkata Knight Riders,field,Kolkata Knight Riders,1,0
12,2017,Royal Challengers Bangalore,Mumbai Indians,Mumbai Indians,field,Mumbai Indians,1,0
13,2017,Rising Pune Supergiant,Gujarat Lions,Gujarat Lions,field,Gujarat Lions,1,0
14,2017,Kolkata Knight Riders,Sunrisers Hyderabad,Sunrisers Hyderabad,field,Kolkata Knight Riders,0,1
15,2017,Delhi Capitals,Punjab Kings,Delhi Daredevils,bat,Delhi Capitals,0,1
16,2017,Gujarat Lions,Mumbai Indians,Mumbai Indians,field,Mumbai Indians,1,0
17,2017,Rising Pune Supergiant,Royal Challengers Bangalore,Royal Challengers Bangalore,field,Rising Pune Supergiant,0,1
18,2017,Delhi Capitals,Kolkata Knight Riders,Delhi Daredevils,bat,Kolkata Knight Riders,0,0
19,2017,Sunrisers Hyderabad,Punjab Kings,Kings XI Punjab,field,Sunrisers Hyderabad,0,1
20,2017,Royal Challengers Bangalore,Gujarat Lions,Gujarat Lions,field,Royal Challengers Bangalore,0,1
21,2017,Sunrisers Hyderabad,Delhi Capitals,Sunrisers Hyderabad,bat,Sunrisers Hyderabad,1,1
22,2017,Punjab Kings,Mumbai Indians,Mumbai Indians,field,Mumbai Indians,1,0
23,2017,Kolkata Knight Riders,Gujarat Lions,Gujarat Lions,field,Gujarat Lions,1,0
24,2017,Mumbai Indians,Delhi Capitals,Delhi Daredevils,field,Mumbai Indians,0,1
25,2017,Sunrisers Hyderabad,Rising Pune Supergiant,Rising Pune Supergiant,field,Rising Pune Supergiant,1,0
26,2017,Punjab Kings,Gujarat Lions,Gujarat Lions,field,Punjab Kings,0,1
27,2017,Kolkata Knight Riders,Royal Challengers Bangalore,Royal Challengers Bangalore,field,Kolkata Knight Riders,0,1
28,2017,Rising Pune Supergiant,Mumbai Indians,Mumbai Indians,field,Rising Pune Supergiant,0,1
29,2017,Rising Pune Supergiant,Kolkata Knight Riders,Kolkata Knight Riders,field,Kolkata Knight Riders,1,0
30,2017,Royal Challengers Bangalore,Gujarat Lions,Gujarat Lions,field,Gujarat Lions,1,0
31,2017,Delhi Capitals,Kolkata Knight Riders,Kolkata Knight Riders,field,Kolkata Knight Riders,1,0
32,2017,Sunrisers Hyderabad,Punjab Kings,Kings XI Punjab,field,Sunrisers Hyderabad,0,1
33,2017,Rising Pune Supergiant,Royal Challengers Bangalore,Royal Challengers Bangalore,field,Rising Pune Supergiant,0,1
34,2017,Gujarat Lions,Mumbai Indians,Gujarat Lions,bat,Mumbai Indians,0,0
35,2017,Delhi Capitals,Punjab Kings,Kings XI Punjab,field,Punjab Kings,0,0
36,2017,Sunrisers Hyderabad,Kolkata Knight Riders,Kolkata Knight Riders,field,Sunrisers Hyderabad,0,1
37,2017,Royal Challengers Bangalore,Mumbai Indians,Royal Challengers Bangalore,bat,Mumbai Indians,0,0
38,2017,Gujarat Lions,Rising Pune Supergiant,Rising Pune Supergiant,field,Rising Pune Supergiant,1,0
39,2017,Sunrisers Hyderabad,Delhi Capitals,Delhi Daredevils,field,Delhi Capitals,0,0
40,2017,Kolkata Knight Riders,Rising Pune Supergiant,Rising Pune Supergiant,field,Rising Pune Supergiant,1,0
41,2017,Gujarat Lions,Delhi Capitals,Delhi Daredevils,field,Delhi Capitals,0,0
42,2017,Punjab Kings,Royal Challengers Bangalore,Royal Challengers Bangalore,field,Punjab Kings,0,1
43,2017,Rising Pune Supergiant,Sunrisers Hyderabad,Sunrisers Hyderabad,field,Rising Pune Supergiant,0,1
44,2017,Mumbai Indians,Delhi Capitals,Delhi Daredevils,field,Mumbai Indians,0,1
45,2017,Royal Challengers Bangalore,Kolkata Knight Riders,Kolkata Knight Riders,field,Kolkata Knight Riders,1,0
46,2017,Punjab Kings,Gujarat Lions,Gujarat Lions,field,Gujarat Lions,1,0
47,2017,Mumbai Indians,Sunrisers Hyderabad,Mumbai Indians,bat,Sunrisers Hyderabad,0,0
48,2017,Punjab Kings,Kolkata Knight Riders,Kolkata Knight Riders,field,Punjab Kings,0,1
49,2017,Gujarat Lions,Delhi Capitals,Delhi Daredevils,field,Delhi Capitals,0,0
50,2017,Punjab Kings,Mumbai Indians,Mumbai Indians,field,Punjab Kings,0,1
51,2017,Delhi Capitals,Rising Pune Supergiant,Delhi Daredevils,bat,Delhi Capitals,0,1
52,2017,Gujarat Lions,Sunrisers Hyderabad,Sunrisers Hyderabad,field,Sunrisers Hyderabad,1,0
53,2017,Mumbai Indians,Kolkata Knight Riders,Kolkata Knight Riders,field,Mumbai Indians,0,1
54,2017,Punjab Kings,Rising Pune Supergiant,Rising Pune Supergiant,field,Rising Pune Supergiant,1,0
55,2017,Royal Challengers Bangalore,Delhi Capitals,Royal Challengers Bangalore,bat,Royal Challengers Bangalore,1,1
56,2017,Rising Pune Supergiant,Mumbai Indians,Mumbai Indians,field,Rising Pune Supergiant,0,1
57,2017,Sunrisers Hyderabad,Kolkata Knight Riders,Kolkata Knight Riders,field,Kolkata Knight Riders,1,0
58,2017,Kolkata Knight Riders,Mumbai Indians,Mumbai Indians,field,Mumbai Indians,1,0
59,2017,Mumbai Indians,Rising Pune Supergiant,Mumbai Indians,bat,Mumbai Indians,1,1
60,2008,Kolkata Knight Riders,Royal Challengers Bangalore,Royal Challengers Bangalore,field,Kolkata Knight Riders,0,1
61,2008,Chennai Super Kings,Punjab Kings,Chennai Super Kings,bat,Chennai Super Kings,1,1
62,2008,Rajasthan Royals,Delhi Capitals,Rajasthan Royals,bat,Delhi Capitals,0,0
63,2008,Mumbai Indians,Royal Challengers Bangalore,Mumbai Indians,bat,Royal Challengers Bangalore,0,0
64,2008,Sunrisers Hyderabad,Kolkata Knight Riders,Deccan Chargers,bat,Kolkata Knight Riders,0,0
65,2008,Punjab Kings,Rajasthan Royals,Kings XI Punjab,bat,Rajasthan Royals,0,0
66,2008,Sunrisers Hyderabad,Delhi Capitals,Deccan Chargers,bat,Delhi Capitals,0,0
67,2008,Chennai Super Kings,Mumbai Indians,Mumbai Indians,field,Chennai Super Kings,0,1
68,2008,Sunrisers Hyderabad,Rajasthan Royals,Rajasthan Royals,field,Rajasthan Royals,1,0
69,2008,Punjab Kings,Mumbai Indians,Mumbai Indians,field,Punjab Kings,0,1
70,2008,Royal Challengers Bangalore,Rajasthan Royals,Rajasthan Royals,field,Rajasthan Royals,1,0
71,2008,Kolkata Knight Riders,Chennai Super Kings,Kolkata Knight Riders,bat,Chennai Super Kings,0,0
72,2008,Mumbai Indians,Sunrisers Hyderabad,Deccan Chargers,field,Sunrisers Hyderabad,0,0
73,2008,Delhi Capitals,Punjab Kings,Delhi Daredevils,bat,Punjab Kings,0,0
74,2008,Chennai Super Kings,Royal Challengers Bangalore,Chennai Super Kings,bat,Chennai Super Kings,1,1
75,2008,Kolkata Knight Riders,Mumbai Indians,Kolkata Knight Riders,bat,Mumbai Indians,0,0
76,2008,Delhi Capitals,Royal Challengers Bangalore,Royal Challengers Bangalore,field,Delhi Capitals,0,1
77,2008,Sunrisers Hyderabad,Punjab Kings,Kings XI Punjab,field,Punjab Kings,0,0
78,2008,Rajasthan Royals,Kolkata Knight Riders,Rajasthan Royals,bat,Rajasthan Royals,1,1
79,2008,Chennai Super Kings,Delhi Capitals,Chennai Super Kings,bat,Delhi Capitals,0,0
80,2008,Sunrisers Hyderabad,Royal Challengers Bangalore,Deccan Chargers,bat,Royal Challengers Bangalore,0,0
81,2008,Punjab Kings,Kolkata Knight Riders,Kings XI Punjab,bat,Punjab Kings,0,1
82,2008,Mumbai Indians,Delhi Capitals,Delhi Daredevils,field,Mumbai Indians,0,1
83,2008,Chennai Super Kings,Rajasthan Royals,Chennai Super Kings,bat,Rajasthan Royals,0,0
84,2008,Royal Challengers Bangalore,Punjab Kings,Kings XI Punjab,field,Punjab Kings,0,0
85,2008,Chennai Super Kings,Sunrisers Hyderabad,Deccan Chargers,field,Sunrisers Hyderabad,0,0
86,2008,Rajasthan Royals,Mumbai Indians,Mumbai Indians,field,Mumbai Indians,1,0
87,2008,Delhi Capitals,Chennai Super Kings,Chennai Super Kings,field,Chennai Super Kings,1,0
88,2008,Kolkata Knight Riders,Royal Challengers Bangalore,Kolkata Knight Riders,bat,Kolkata Knight Riders,1,1
89,2008,Sunrisers Hyderabad,Rajasthan Royals,Rajasthan Royals,field,Rajasthan Royals,1,0
90,2008,Royal Challengers Bangalore,Mumbai Indians,Mumbai Indians,field,Mumbai Indians,1,0
91,2008,Chennai Super Kings,Punjab Kings,Kings XI Punjab,field,Chennai Super Kings,0,1
92,2008,Kolkata Knight Riders,Sunrisers Hyderabad,Kolkata Knight Riders,bat,Kolkata Knight Riders,1,1
93,2008,Delhi Capitals,Rajasthan Royals,Rajasthan Royals,field,Rajasthan Royals,1,0
94,2008,Royal Challengers Bangalore,Punjab Kings,Royal Challengers Bangalore,bat,Punjab Kings,0,0
95,2008,Kolkata Knight Riders,Delhi Capitals,Kolkata Knight Riders,bat,Kolkata Knight Riders,1,1
96,2008,Chennai Super Kings,Mumbai Indians,Mumbai Indians,field,Mumbai Indians,1,0
97,2008,Punjab Kings,Rajasthan Royals,Rajasthan Royals,field,Punjab Kings,0,1
98,2008,Delhi Capitals,Sunrisers Hyderabad,Deccan Chargers,field,Delhi Capitals,0,1
99,2008,Kolkata Knight Riders,Mumbai Indians,Mumbai Indians,field,Mumbai Indians,1,0
100,2008,Delhi Capitals,Punjab Kings,Delhi Daredevils,bat,Punjab Kings,0,0
101,2008,Rajasthan Royals,Royal Challengers Bangalore,Royal Challengers Bangalore,field,Rajasthan Royals,0,1
102,2008,Mumbai Indians,Sunrisers Hyderabad,Deccan Chargers,field,Mumbai Indians,0,1
103,2008,Kolkata Knight Riders,Chennai Super Kings,Kolkata Knight Riders,bat,Chennai Super Kings,0,0
104,2008,Royal Challengers Bangalore,Delhi Capitals,Delhi Daredevils,field,Delhi Capitals,0,0
105,2008,Kolkata Knight Riders,Rajasthan Royals,Rajasthan Royals,field,Rajasthan Royals,1,0
106,2008,Punjab Kings,Mumbai Indians,Mumbai Indians,field,Punjab Kings,0,1
107,2008,Royal Challengers Bangalore,Chennai Super Kings,Royal Challengers Bangalore,bat,Royal Challengers Bangalore,1,1
108,2008,Sunrisers Hyderabad,Punjab Kings,Kings XI Punjab,field,Punjab Kings,0,0
109,2008,Mumbai Indians,Delhi Capitals,Delhi Daredevils,field,Delhi Capitals,0,0
110,2008,Rajasthan Royals,Chennai Super Kings,Rajasthan Royals,bat,Rajasthan Royals,1,1
111,2008,Royal Challengers Bangalore,Sunrisers Hyderabad,Deccan Chargers,field,Royal Challengers Bangalore,0,1
112,2008,Punjab Kings,Kolkata Knight Riders,Kings XI Punjab,bat,Kolkata Knight Riders,0,0
113,2008,Mumbai Indians,Rajasthan Royals,Rajasthan Royals,field,Rajasthan Royals,1,0
114,2008,Sunrisers Hyderabad,Chennai Super Kings,Deccan Chargers,bat,Chennai Super Kings,0,0
115,2008,Rajasthan Royals,Delhi Capitals,Delhi Daredevils,field,Rajasthan Royals,0,1
116,2008,Punjab Kings,Chennai Super Kings,Kings XI Punjab,bat,Chennai Super Kings,0,0
117,2008,Chennai Super Kings,Rajasthan Royals,Rajasthan Royals,field,Rajasthan Royals,1,0
118,2009,Mumbai Indians,Chennai Super Kings,Chennai Super Kings,field,Mumbai Indians,0,1
119,2009,Royal Challengers Bangalore,Rajasthan Royals,Royal Challengers Bangalore,bat,Royal Challengers Bangalore,1,1
120,2009,Punjab Kings,Delhi Capitals,Delhi Daredevils,field,Delhi Capitals,0,0
121,2009,Kolkata Knight Riders,Sunrisers Hyderabad,Kolkata Knight Riders,bat,Sunrisers Hyderabad,0,0
122,2009,Chennai Super Kings,Royal Challengers Bangalore,Chennai Super Kings,bat,Chennai Super Kings,1,1
123,2009,Punjab Kings,Kolkata Knight Riders,Kolkata Knight Riders,field,Kolkata Knight Riders,1,0
124,2009,Sunrisers Hyderabad,Royal Challengers Bangalore,Deccan Chargers,bat,Sunrisers Hyderabad,0,1
125,2009,Delhi Capitals,Chennai Super Kings,Delhi Daredevils,bat,Delhi Capitals,0,1
126,2009,Rajasthan Royals,Kolkata Knight Riders,Kolkata Knight Riders,field,Rajasthan Royals,0,1
127,2009,Royal Challengers Bangalore,Punjab Kings,Royal Challengers Bangalore,bat,Punjab Kings,0,0
128,2009,Sunrisers Hyderabad,Mumbai Indians,Deccan Chargers,bat,Sunrisers Hyderabad,0,1
129,2009,Royal Challengers Bangalore,Delhi Capitals,Royal Challengers Bangalore,bat,Delhi Capitals,0,0
130,2009,Punjab Kings,Rajasthan Royals,Kings XI Punjab,bat,Punjab Kings,0,1
131,2009,Chennai Super Kings,Sunrisers Hyderabad,Deccan Chargers,field,Sunrisers Hyderabad,0,0
132,2009,Mumbai Indians,Kolkata Knight Riders,Mumbai Indians,bat,Mumbai Indians,1,1
133,2009,Delhi Capitals,Rajasthan Royals,Delhi Daredevils,bat,Rajasthan Royals,0,0
134,2009,Kolkata Knight Riders,Royal Challengers Bangalore,Kolkata Knight Riders,bat,Royal Challengers Bangalore,0,0
135,2009,Punjab Kings,Mumbai Indians,Kings XI Punjab,bat,Punjab Kings,0,1
136,2009,Sunrisers Hyderabad,Delhi Capitals,Delhi Daredevils,field,Delhi Capitals,0,0
137,2009,Chennai Super Kings,Rajasthan Royals,Rajasthan Royals,field,Chennai Super Kings,0,1
138,2009,Mumbai Indians,Kolkata Knight Riders,Mumbai Indians,bat,Mumbai Indians,1,1
139,2009,Royal Challengers Bangalore,Punjab Kings,Royal Challengers Bangalore,bat,Royal Challengers Bangalore,1,1
140,2009,Sunrisers Hyderabad,Rajasthan Royals,Deccan Chargers,bat,Rajasthan Royals,0,0
141,2009,Chennai Super Kings,Delhi Capitals,Delhi Daredevils,field,Chennai Super Kings,0,1
142,2009,Kolkata Knight Riders,Punjab Kings,Kolkata Knight Riders,bat,Punjab Kings,0,0
143,2009,Mumbai Indians,Royal Challengers Bangalore,Mumbai Indians,bat,Royal Challengers Bangalore,0,0
144,2009,Chennai Super Kings,Sunrisers Hyderabad,Chennai Super Kings,bat,Chennai Super Kings,1,1
145,2009,Rajasthan Royals,Punjab Kings,Kings XI Punjab,field,Rajasthan Royals,0,1
146,2009,Kolkata Knight Riders,Delhi Capitals,Kolkata Knight Riders,bat,Delhi Capitals,0,0
147,2009,Sunrisers Hyderabad,Mumbai Indians,Deccan Chargers,bat,Sunrisers Hyderabad,0,1
148,2009,Royal Challengers Bangalore,Rajasthan Royals,Rajasthan Royals,field,Rajasthan Royals,1,0
149,2009,Chennai Super Kings,Punjab Kings,Chennai Super Kings,bat,Chennai Super Kings,1,1
150,2009,Mumbai Indians,Delhi Capitals,Mumbai Indians,bat,Delhi Capitals,0,0
151,2009,Sunrisers Hyderabad,Punjab Kings,Kings XI Punjab,field,Punjab Kings,0,0
152,2009,Rajasthan Royals,Chennai Super Kings,Rajasthan Royals,bat,Chennai Super Kings,0,0
153,2009,Mumbai Indians,Royal Challengers Bangalore,Mumbai Indians,bat,Mumbai Indians,1,1
154,2009,Kolkata Knight Riders,Delhi Capitals,Delhi Daredevils,field,Delhi Capitals,0,0
155,2009,Sunrisers Hyderabad,Rajasthan Royals,Deccan Chargers,bat,Sunrisers Hyderabad,0,1
156,2009,Kolkata Knight Riders,Royal Challengers Bangalore,Royal Challengers Bangalore,field,Royal Challengers Bangalore,1,0
157,2009,Punjab Kings,Mumbai Indians,Kings XI Punjab,bat,Mumbai Indians,0,0
158,2009,Delhi Capitals,Sunrisers Hyderabad,Deccan Chargers,field,Delhi Capitals,0,1
159,2009,Chennai Super Kings,Royal Challengers Bangalore,Chennai Super Kings,bat,Royal Challengers Bangalore,0,0
160,2009,Rajasthan Royals,Mumbai Indians,Rajasthan Royals,bat,Rajasthan Royals,1,1
161,2009,Delhi Capitals,Punjab Kings,Kings XI Punjab,field,Punjab Kings,0,0
162,2009,Mumbai Indians,Chennai Super Kings,Mumbai Indians,bat,Chennai Super Kings,0,0
163,2009,Kolkata Knight Riders,Sunrisers Hyderabad,Deccan Chargers,field,Sunrisers Hyderabad,0,0
164,2009,Punjab Kings,Sunrisers Hyderabad,Deccan Chargers,field,Punjab Kings,0,1
165,2009,Delhi Capitals,Rajasthan Royals,Delhi Daredevils,bat,Delhi Capitals,0,1
166,2009,Chennai Super Kings,Kolkata Knight Riders,Chennai Super Kings,bat,Kolkata Knight Riders,0,0
167,2009,Delhi Capitals,Royal Challengers Bangalore,Delhi Daredevils,bat,Royal Challengers Bangalore,0,0
168,2009,Rajasthan Royals,Kolkata Knight Riders,Kolkata Knight Riders,field,Kolkata Knight Riders,1,0
169,2009,Chennai Super Kings,Punjab Kings,Chennai Super Kings,bat,Chennai Super Kings,1,1
170,2009,Mumbai Indians,Delhi Capitals,Delhi Daredevils,field,Delhi Capitals,0,0
171,2009,Royal Challengers Bangalore,Sunrisers Hyderabad,Royal Challengers Bangalore,bat,Royal Challengers Bangalore,1,1
172,2009,Delhi Capitals,Sunrisers Hyderabad,Deccan Chargers,field,Sunrisers Hyderabad,0,0
173,2009,Chennai Super Kings,Royal Challengers Bangalore,Royal Challengers Bangalore,field,Royal Challengers Bangalore,1,0
174,2009,Sunrisers Hyderabad,Royal Challengers Bangalore,Royal Challengers Bangalore,field,Sunrisers Hyderabad,0,1
175,2010,Kolkata Knight Riders,Sunrisers Hyderabad,Deccan Chargers,field,Kolkata Knight Riders,0,1
176,2010,Mumbai Indians,Rajasthan Royals,Mumbai Indians,bat,Mumbai Indians,1,1
177,2010,Punjab Kings,Delhi Capitals,Delhi Daredevils,field,Delhi Capitals,0,0
178,2010,Royal Challengers Bangalore,Kolkata Knight Riders,Kolkata Knight Riders,field,Kolkata Knight Riders,1,0
179,2010,Sunrisers Hyderabad,Chennai Super Kings,Deccan Chargers,bat,Sunrisers Hyderabad,0,1
180,2010,Rajasthan Royals,Delhi Capitals,Delhi Daredevils,field,Delhi Capitals,0,0
181,2010,Punjab Kings,Royal Challengers Bangalore,Kings XI Punjab,bat,Royal Challengers Bangalore,0,0
182,2010,Chennai Super Kings,Kolkata Knight Riders,Chennai Super Kings,bat,Chennai Super Kings,1,1
183,2010,Mumbai Indians,Delhi Capitals,Delhi Daredevils,field,Mumbai Indians,0,1
184,2010,Rajasthan Royals,Royal Challengers Bangalore,Royal Challengers Bangalore,field,Royal Challengers Bangalore,1,0
185,2010,Delhi Capitals,Chennai Super Kings,Delhi Daredevils,bat,Chennai Super Kings,0,0
186,2010,Sunrisers Hyderabad,Punjab Kings,Kings XI Punjab,field,Sunrisers Hyderabad,0,1
187,2010,Rajasthan Royals,Kolkata Knight Riders,Rajasthan Royals,bat,Rajasthan Royals,1,1
188,2010,Mumbai Indians,Royal Challengers Bangalore,Mumbai Indians,bat,Royal Challengers Bangalore,0,0
189,2010,Sunrisers Hyderabad,Delhi Capitals,Deccan Chargers,bat,Sunrisers Hyderabad,0,1
190,2010,Punjab Kings,Chennai Super Kings,Chennai Super Kings,field,Punjab Kings,0,1
191,2010,Kolkata Knight Riders,Mumbai Indians,Kolkata Knight Riders,bat,Mumbai Indians,0,0
192,2010,Royal Challengers Bangalore,Chennai Super Kings,Chennai Super Kings,field,Royal Challengers Bangalore,0,1
193,2010,Rajasthan Royals,Punjab Kings,Kings XI Punjab,field,Rajasthan Royals,0,1
194,2010,Chennai Super Kings,Mumbai Indians,Mumbai Indians,field,Mumbai Indians,1,0
195,2010,Sunrisers Hyderabad,Rajasthan Royals,Deccan Chargers,bat,Rajasthan Royals,0,0
196,2010,Kolkata Knight Riders,Punjab Kings,Kolkata Knight Riders,bat,Kolkata Knight Riders,1,1
197,2010,Delhi Capitals,Royal Challengers Bangalore,Royal Challengers Bangalore,field,Delhi Capitals,0,1
198,2010,Rajasthan Royals,Chennai Super Kings,Rajasthan Royals,bat,Rajasthan Royals,1,1
199,2010,Mumbai Indians,Sunrisers Hyderabad,Deccan Chargers,field,Mumbai Indians,0,1
200,2010,Delhi Capitals,Kolkata Knight Riders,Delhi Daredevils,bat,Delhi Capitals,0,1
201,2010,Punjab Kings,Mumbai Indians,Mumbai Indians,field,Mumbai Indians,1,0
202,2010,Royal Challengers Bangalore,Chennai Super Kings,Royal Challengers Bangalore,bat,Chennai Super Kings,0,0
203,2010,Delhi Capitals,Rajasthan Royals,Delhi Daredevils,bat,Delhi Capitals,0,1
204,2010,Kolkata Knight Riders,Sunrisers Hyderabad,Kolkata Knight Riders,bat,Kolkata Knight Riders,1,1
205,2010,Punjab Kings,Royal Challengers Bangalore,Kings XI Punjab,bat,Royal Challengers Bangalore,0,0
206,2010,Chennai Super Kings,Rajasthan Royals,Chennai Super Kings,bat,Chennai Super Kings,1,1
207,2010,Mumbai Indians,Sunrisers Hyderabad,Mumbai Indians,bat,Mumbai Indians,1,1
208,2010,Kolkata Knight Riders,Punjab Kings,Kolkata Knight Riders,bat,Punjab Kings,0,0
209,2010,Delhi Capitals,Royal Challengers Bangalore,Delhi Daredevils,bat,Delhi Capitals,0,1
210,2010,Rajasthan Royals,Sunrisers Hyderabad,Rajasthan Royals,bat,Rajasthan Royals,1,1
211,2010,Chennai Super Kings,Mumbai Indians,Chennai Super Kings,bat,Chennai Super Kings,1,1
212,2010,Punjab Kings,Rajasthan Royals,Kings XI Punjab,bat,Rajasthan Royals,0,0
213,2010,Kolkata Knight Riders,Delhi Capitals,Kolkata Knight Riders,bat,Kolkata Knight Riders,1,1
214,2010,Royal Challengers Bangalore,Sunrisers Hyderabad,Deccan Chargers,field,Sunrisers Hyderabad,0,0
215,2010,Mumbai Indians,Punjab Kings,Mumbai Indians,bat,Punjab Kings,0,0
216,2010,Chennai Super Kings,Sunrisers Hyderabad,Chennai Super Kings,bat,Sunrisers Hyderabad,0,0
217,2010,Kolkata Knight Riders,Royal Challengers Bangalore,Royal Challengers Bangalore,field,Royal Challengers Bangalore,1,0
218,2010,Delhi Capitals,Punjab Kings,Delhi Daredevils,bat,Punjab Kings,0,0
219,2010,Mumbai Indians,Rajasthan Royals,Rajasthan Royals,field,Mumbai Indians,0,1
220,2010,Sunrisers Hyderabad,Royal Challengers Bangalore,Royal Challengers Bangalore,field,Sunrisers Hyderabad,0,1
221,2010,Mumbai Indians,Delhi Capitals,Mumbai Indians,bat,Mumbai Indians,1,1
222,2010,Kolkata Knight Riders,Chennai Super Kings,Kolkata Knight Riders,bat,Chennai Super Kings,0,0
223,2010,Rajasthan Royals,Royal Challengers Bangalore,Rajasthan Royals,bat,Royal Challengers Bangalore,0,0
224,2010,Chennai Super Kings,Delhi Capitals,Chennai Super Kings,bat,Delhi Capitals,0,0
225,2010,Punjab Kings,Sunrisers Hyderabad,Deccan Chargers,field,Sunrisers Hyderabad,0,0
226,2010,Mumbai Indians,Royal Challengers Bangalore,Royal Challengers Bangalore,field,Mumbai Indians,0,1
227,2010,Rajasthan Royals,Kolkata Knight Riders,Rajasthan Royals,bat,Kolkata Knight Riders,0,0
228,2010,Punjab Kings,Chennai Super Kings,Chennai Super Kings,field,Chennai Super Kings,1,0
229,2010,Sunrisers Hyderabad,Delhi Capitals,Deccan Chargers,bat,Sunrisers Hyderabad,0,1
230,2010,Mumbai Indians,Kolkata Knight Riders,Mumbai Indians,bat,Kolkata Knight Riders,0,0
231,2010,Mumbai Indians,Royal Challengers Bangalore,Mumbai Indians,bat,Mumbai Indians,1,1
232,2010,Chennai Super Kings,Sunrisers Hyderabad,Chennai Super Kings,bat,Chennai Super Kings,1,1
233,2010,Sunrisers Hyderabad,Royal Challengers Bangalore,Deccan Chargers,bat,Royal Challengers Bangalore,0,0
234,2010,Chennai Super Kings,Mumbai Indians,Chennai Super Kings,bat,Chennai Super Kings,1,1
235,2011,Chennai Super Kings,Kolkata Knight Riders,Chennai Super Kings,bat,Chennai Super Kings,1,1
236,2011,Sunrisers Hyderabad,Rajasthan Royals,Rajasthan Royals,field,Rajasthan Royals,1,0
237,2011,Kochi Tuskers Kerala,Royal Challengers Bangalore,Kochi Tuskers Kerala,bat,Royal Challengers Bangalore,0,0
238,2011,Delhi Capitals,Mumbai Indians,Delhi Daredevils,bat,Mumbai Indians,0,0
239,2011,Punjab Kings,Pune Warriors,Kings XI Punjab,bat,Pune Warriors,0,0
240,2011,Kolkata Knight Riders,Sunrisers Hyderabad,Kolkata Knight Riders,bat,Kolkata Knight Riders,1,1
241,2011,Delhi Capitals,Rajasthan Royals,Delhi Daredevils,bat,Rajasthan Royals,0,0
242,2011,Royal Challengers Bangalore,Mumbai Indians,Mumbai Indians,field,Mumbai Indians,1,0
243,2011,Chennai Super Kings,Punjab Kings,Kings XI Punjab,field,Punjab Kings,0,0
244,2011,Kochi Tuskers Kerala,Pune Warriors,Kochi Tuskers Kerala,bat,Pune Warriors,0,0
245,2011,Sunrisers Hyderabad,Royal Challengers Bangalore,Royal Challengers Bangalore,field,Sunrisers Hyderabad,0,1
246,2011,Rajasthan Royals,Kolkata Knight Riders,Kolkata Knight Riders,field,Kolkata Knight Riders,1,0
247,2011,Mumbai Indians,Kochi Tuskers Kerala,Kochi Tuskers Kerala,field,Kochi Tuskers Kerala,1,0
248,2011,Chennai Super Kings,Royal Challengers Bangalore,Chennai Super Kings,bat,Chennai Super Kings,1,1
249,2011,Sunrisers Hyderabad,Punjab Kings,Kings XI Punjab,field,Punjab Kings,0,0
250,2011,Pune Warriors,Delhi Capitals,Delhi Daredevils,field,Delhi Capitals,0,0
251,2011,Rajasthan Royals,Kolkata Knight Riders,Kolkata Knight Riders,field,Kolkata Knight Riders,1,0
252,2011,Chennai Super Kings,Kochi Tuskers Kerala,Kochi Tuskers Kerala,field,Kochi Tuskers Kerala,1,0
253,2011,Sunrisers Hyderabad,Delhi Capitals,Deccan Chargers,bat,Sunrisers Hyderabad,0,1
254,2011,Pune Warriors,Mumbai Indians,Pune Warriors,bat,Mumbai Indians,0,0
255,2011,Kochi Tuskers Kerala,Kolkata Knight Riders,Kolkata Knight Riders,field,Kochi Tuskers Kerala,0,1
256,2011,Punjab Kings,Rajasthan Royals,Rajasthan Royals,field,Punjab Kings,0,1
257,2011,Mumbai Indians,Chennai Super Kings,Chennai Super Kings,field,Mumbai Indians,0,1
258,2011,Kolkata Knight Riders,Royal Challengers Bangalore,Royal Challengers Bangalore,field,Royal Challengers Bangalore,1,0
259,2011,Delhi Capitals,Punjab Kings,Kings XI Punjab,field,Delhi Capitals,0,1
260,2011,Mumbai Indians,Sunrisers Hyderabad,Deccan Chargers,field,Mumbai Indians,0,1
261,2011,Kochi Tuskers Kerala,Rajasthan Royals,Rajasthan Royals,field,Rajasthan Royals,1,0
262,2011,Chennai Super Kings,Pune Warriors,Pune Warriors,field,Chennai Super Kings,0,1
263,2011,Delhi Capitals,Royal Challengers Bangalore,Royal Challengers Bangalore,field,Royal Challengers Bangalore,1,0
264,2011,Pune Warriors,Chennai Super Kings,Pune Warriors,bat,Chennai Super Kings,0,0
265,2011,Sunrisers Hyderabad,Kochi Tuskers Kerala,Kochi Tuskers Kerala,field,Sunrisers Hyderabad,0,1
266,2011,Kolkata Knight Riders,Delhi Capitals,Delhi Daredevils,field,Kolkata Knight Riders,0,1
267,2011,Mumbai Indians,Rajasthan Royals,Rajasthan Royals,field,Rajasthan Royals,1,0
268,2011,Royal Challengers Bangalore,Pune Warriors,Pune Warriors,field,Royal Challengers Bangalore,0,1
269,2011,Delhi Capitals,Kochi Tuskers Kerala,Delhi Daredevils,bat,Delhi Capitals,0,1
270,2011,Punjab Kings,Kolkata Knight Riders,Kolkata Knight Riders,field,Kolkata Knight Riders,1,0
271,2011,Pune Warriors,Rajasthan Royals,Rajasthan Royals,field,Rajasthan Royals,1,0
272,2011,Chennai Super Kings,Sunrisers Hyderabad,Chennai Super Kings,bat,Chennai Super Kings,1,1
273,2011,Mumbai Indians,Punjab Kings,Kings XI Punjab,field,Mumbai Indians,0,1
274,2011,Delhi Capitals,Kochi Tuskers Kerala,Kochi Tuskers Kerala,field,Kochi Tuskers Kerala,1,0
275,2011,Kolkata Knight Riders,Sunrisers Hyderabad,Deccan Chargers,field,Kolkata Knight Riders,0,1
276,2011,Rajasthan Royals,Chennai Super Kings,Rajasthan Royals,bat,Chennai Super Kings,0,0
277,2011,Mumbai Indians,Pune Warriors,Pune Warriors,field,Mumbai Indians,0,1
278,2011,Kochi Tuskers Kerala,Kolkata Knight Riders,Kolkata Knight Riders,field,Kochi Tuskers Kerala,0,1
279,2011,Sunrisers Hyderabad,Delhi Capitals,Delhi Daredevils,field,Delhi Capitals,0,0
280,2011,Royal Challengers Bangalore,Punjab Kings,Kings XI Punjab,field,Royal Challengers Bangalore,0,1
281,2011,Chennai Super Kings,Kolkata Knight Riders,Chennai Super Kings,bat,Kolkata Knight Riders,0,0
282,2011,Mumbai Indians,Delhi Capitals,Delhi Daredevils,field,Mumbai Indians,0,1
283,2011,Kochi Tuskers Kerala,Royal Challengers Bangalore,Kochi Tuskers Kerala,bat,Royal Challengers Bangalore,0,0
284,2011,Punjab Kings,Pune Warriors,Kings XI Punjab,bat,Pune Warriors,0,0
285,2011,Chennai Super Kings,Rajasthan Royals,Rajasthan Royals,field,Chennai Super Kings,0,1
286,2011,Sunrisers Hyderabad,Pune Warriors,Deccan Chargers,bat,Pune Warriors,0,0
287,2011,Punjab Kings,Mumbai Indians,Mumbai Indians,field,Punjab Kings,0,1
288,2011,Rajasthan Royals,Royal Challengers Bangalore,Royal Challengers Bangalore,field,Royal Challengers Bangalore,1,0
289,2011,Chennai Super Kings,Delhi Capitals,Chennai Super Kings,bat,Chennai Super Kings,1,1
290,2011,Kochi Tuskers Kerala,Punjab Kings,Kings XI Punjab,field,Punjab Kings,0,0
291,2011,Kolkata Knight Riders,Royal Challengers Bangalore,Royal Challengers Bangalore,field,Royal Challengers Bangalore,1,0
292,2011,Sunrisers Hyderabad,Mumbai Indians,Deccan Chargers,bat,Sunrisers Hyderabad,0,1
293,2011,Punjab Kings,Delhi Capitals,Delhi Daredevils,field,Punjab Kings,0,1
294,2011,Rajasthan Royals,Kochi Tuskers Kerala,Kochi Tuskers Kerala,field,Kochi Tuskers Kerala,1,0
295,2011,Pune Warriors,Sunrisers Hyderabad,Deccan Chargers,field,Sunrisers Hyderabad,0,0
296,2011,Punjab Kings,Royal Challengers Bangalore,Kings XI Punjab,bat,Punjab Kings,0,1
297,2011,Chennai Super Kings,Kochi Tuskers Kerala,Chennai Super Kings,bat,Chennai Super Kings,1,1
298,2011,Pune Warriors,Kolkata Knight Riders,Kolkata Knight Riders,field,Kolkata Knight Riders,1,0
299,2011,Mumbai Indians,Rajasthan Royals,Mumbai Indians,bat,Rajasthan Royals,0,0
300,2011,Sunrisers Hyderabad,Punjab Kings,Kings XI Punjab,field,Sunrisers Hyderabad,0,1
301,2011,Delhi Capitals,Pune Warriors,Delhi Daredevils,bat,,0,0
302,2011,Chennai Super Kings,Royal Challengers Bangalore,Royal Challengers Bangalore,field,Royal Challengers Bangalore,1,0
303,2011,Kolkata Knight Riders,Mumbai Indians,Mumbai Indians,field,Mumbai Indians,1,0
304,2011,Royal Challengers Bangalore,Chennai Super Kings,Chennai Super Kings,field,Chennai Super Kings,1,0
305,2011,Kolkata Knight Riders,Mumbai Indians,Mumbai Indians,field,Mumbai Indians,1,0
306,2011,Royal Challengers Bangalore,Mumbai Indians,Mumbai Indians,field,Royal Challengers Bangalore,0,1
307,2011,Chennai Super Kings,Royal Challengers Bangalore,Chennai Super Kings,bat,Chennai Super Kings,1,1
308,2012,Chennai Super Kings,Mumbai Indians,Mumbai Indians,field,Mumbai Indians,1,0
309,2012,Kolkata Knight Riders,Delhi Capitals,Delhi Daredevils,field,Delhi Capitals,0,0
310,2012,Pune Warriors,Mumbai Indians,Mumbai Indians,field,Pune Warriors,0,1
311,2012,Rajasthan Royals,Punjab Kings,Kings XI Punjab,field,Rajasthan Royals,0,1
312,2012,Royal Challengers Bangalore,Delhi Capitals,Delhi Daredevils,field,Royal Challengers Bangalore,0,1
313,2012,Chennai Super Kings,Sunrisers Hyderabad,Deccan Chargers,field,Chennai Super Kings,0,1
314,2012,Rajasthan Royals,Kolkata Knight Riders,Kolkata Knight Riders,field,Rajasthan Royals,0,1
315,2012,Pune Warriors,Punjab Kings,Pune Warriors,bat,Pune Warriors,1,1
316,2012,Sunrisers Hyderabad,Mumbai Indians,Deccan Chargers,bat,Mumbai Indians,0,0
317,2012,Kolkata Knight Riders,Royal Challengers Bangalore,Royal Challengers Bangalore,field,Kolkata Knight Riders,0,1
318,2012,Chennai Super Kings,Delhi Capitals,Delhi Daredevils,field,Delhi Capitals,0,0
319,2012,Mumbai Indians,Rajasthan Royals,Rajasthan Royals,field,Mumbai Indians,0,1
320,2012,Royal Challengers Bangalore,Chennai Super Kings,Royal Challengers Bangalore,bat,Chennai Super Kings,0,0
321,2012,Pune Warriors,Punjab Kings,Kings XI Punjab,field,Punjab Kings,0,0
322,2012,Rajasthan Royals,Kolkata Knight Riders,Rajasthan Royals,bat,Kolkata Knight Riders,0,0
323,2012,Sunrisers Hyderabad,Delhi Capitals,Deccan Chargers,bat,Delhi Capitals,0,0
324,2012,Chennai Super Kings,Pune Warriors,Chennai Super Kings,bat,Pune Warriors,0,0
325,2012,Punjab Kings,Kolkata Knight Riders,Kolkata Knight Riders,field,Punjab Kings,0,1
326,2012,Rajasthan Royals,Royal Challengers Bangalore,Rajasthan Royals,bat,Rajasthan Royals,1,1
327,2012,Mumbai Indians,Delhi Capitals,Delhi Daredevils,field,Delhi Capitals,0,0
328,2012,Sunrisers Hyderabad,Rajasthan Royals,Deccan Chargers,bat,Rajasthan Royals,0,0
329,2012,Pune Warriors,Royal Challengers Bangalore,Pune Warriors,bat,Royal Challengers Bangalore,0,0
330,2012,Punjab Kings,Kolkata Knight Riders,Kings XI Punjab,bat,Kolkata Knight Riders,0,0
331,2012,Sunrisers Hyderabad,Delhi Capitals,Deccan Chargers,bat,Delhi Capitals,0,0
332,2012,Chennai Super Kings,Pune Warriors,Pune Warriors,field,Chennai Super Kings,0,1
333,2012,Punjab Kings,Royal Challengers Bangalore,Royal Challengers Bangalore,field,Royal Challengers Bangalore,1,0
334,2012,Rajasthan Royals,Chennai Super Kings,Rajasthan Royals,bat,Chennai Super Kings,0,0
335,2012,Pune Warriors,Delhi Capitals,Delhi Daredevils,field,Pune Warriors,0,1
336,2012,Mumbai Indians,Punjab Kings,Mumbai Indians,bat,Punjab Kings,0,0
337,2012,Sunrisers Hyderabad,Kolkata Knight Riders,Kolkata Knight Riders,field,Kolkata Knight Riders,1,0
338,2012,Royal Challengers Bangalore,Rajasthan Royals,Rajasthan Royals,field,Royal Challengers Bangalore,0,1
339,2012,Pune Warriors,Delhi Capitals,Pune Warriors,bat,Delhi Capitals,0,0
340,2012,Punjab Kings,Mumbai Indians,Kings XI Punjab,bat,Mumbai Indians,0,0
341,2012,Sunrisers Hyderabad,Pune Warriors,Deccan Chargers,bat,Sunrisers Hyderabad,0,1
342,2012,Delhi Capitals,Mumbai Indians,Mumbai Indians,field,Delhi Capitals,0,1
343,2012,Punjab Kings,Chennai Super Kings,Kings XI Punjab,bat,Punjab Kings,0,1
344,2012,Kolkata Knight Riders,Royal Challengers Bangalore,Kolkata Knight Riders,bat,Kolkata Knight Riders,1,1
345,2012,Delhi Capitals,Rajasthan Royals,Delhi Daredevils,bat,Delhi Capitals,0,1
346,2012,Sunrisers Hyderabad,Mumbai Indians,Mumbai Indians,field,Mumbai Indians,1,0
347,2012,Chennai Super Kings,Kolkata Knight Riders,Chennai Super Kings,bat,Kolkata Knight Riders,0,0
348,2012,Sunrisers Hyderabad,Pune Warriors,Deccan Chargers,bat,Sunrisers Hyderabad,0,1
349,2012,Rajasthan Royals,Delhi Capitals,Rajasthan Royals,bat,Delhi Capitals,0,0
350,2012,Royal Challengers Bangalore,Punjab Kings,Kings XI Punjab,field,Punjab Kings,0,0
351,2012,Mumbai Indians,Pune Warriors,Mumbai Indians,bat,Mumbai Indians,1,1
352,2012,Chennai Super Kings,Sunrisers Hyderabad,Chennai Super Kings,bat,Chennai Super Kings,1,1
353,2012,Kolkata Knight Riders,Pune Warriors,Kolkata Knight Riders,bat,Kolkata Knight Riders,1,1
354,2012,Rajasthan Royals,Punjab Kings,Rajasthan Royals,bat,Rajasthan Royals,1,1
355,2012,Chennai Super Kings,Mumbai Indians,Mumbai Indians,field,Mumbai Indians,1,0
356,2012,Sunrisers Hyderabad,Royal Challengers Bangalore,Royal Challengers Bangalore,field,Royal Challengers Bangalore,1,0
357,2012,Delhi Capitals,Kolkata Knight Riders,Delhi Daredevils,bat,Kolkata Knight Riders,0,0
358,2012,Pune Warriors,Rajasthan Royals,Pune Warriors,bat,Rajasthan Royals,0,0
359,2012,Punjab Kings,Sunrisers Hyderabad,Deccan Chargers,field,Punjab Kings,0,1
360,2012,Mumbai Indians,Royal Challengers Bangalore,Royal Challengers Bangalore,field,Royal Challengers Bangalore,1,0
361,2012,Rajasthan Royals,Chennai Super Kings,Chennai Super Kings,field,Chennai Super Kings,1,0
362,2012,Royal Challengers Bangalore,Pune Warriors,Pune Warriors,field,Royal Challengers Bangalore,0,1
363,2012,Mumbai Indians,Kolkata Knight Riders,Mumbai Indians,bat,Mumbai Indians,1,1
364,2012,Delhi Capitals,Chennai Super Kings,Chennai Super Kings,field,Chennai Super Kings,1,0
365,2012,Rajasthan Royals,Pune Warriors,Rajasthan Royals,bat,Rajasthan Royals,1,1
366,2012,Sunrisers Hyderabad,Punjab Kings,Deccan Chargers,bat,Punjab Kings,0,0
367,2012,Royal Challengers Bangalore,Mumbai Indians,Mumbai Indians,field,Mumbai Indians,1,0
368,2012,Kolkata Knight Riders,Chennai Super Kings,Chennai Super Kings,field,Chennai Super Kings,1,0
369,2012,Punjab Kings,Delhi Capitals,Kings XI Punjab,bat,Delhi Capitals,0,0
370,2012,Kolkata Knight Riders,Mumbai Indians,Mumbai Indians,field,Kolkata Knight Riders,0,1
371,2012,Chennai Super Kings,Punjab Kings,Kings XI Punjab,field,Punjab Kings,0,0
372,2012,Royal Challengers Bangalore,Delhi Capitals,Delhi Daredevils,field,Royal Challengers Bangalore,0,1
373,2012,Rajasthan Royals,Sunrisers Hyderabad,Rajasthan Royals,bat,Sunrisers Hyderabad,0,0
374,2012,Punjab Kings,Delhi Capitals,Delhi Daredevils,field,Delhi Capitals,0,0
375,2012,Kolkata Knight Riders,Pune Warriors,Kolkata Knight Riders,bat,Kolkata Knight Riders,1,1
376,2012,Sunrisers Hyderabad,Royal Challengers Bangalore,Royal Challengers Bangalore,field,Sunrisers Hyderabad,0,1
377,2012,Rajasthan Royals,Mumbai Indians,Rajasthan Royals,bat,Mumbai Indians,0,0
378,2012,Kolkata Knight Riders,Delhi Capitals,Kolkata Knight Riders,bat,Kolkata Knight Riders,1,1
379,2012,Chennai Super Kings,Mumbai Indians,Mumbai Indians,field,Chennai Super Kings,0,1
380,2012,Chennai Super Kings,Delhi Capitals,Delhi Daredevils,field,Chennai Super Kings,0,1
381,2012,Chennai Super Kings,Kolkata Knight Riders,Chennai Super Kings,bat,Kolkata Knight Riders,0,0
382,2013,Delhi Capitals,Kolkata Knight Riders,Kolkata Knight Riders,field,Kolkata Knight Riders,1,0
383,2013,Royal Challengers Bangalore,Mumbai Indians,Mumbai Indians,field,Royal Challengers Bangalore,0,1
384,2013,Sunrisers Hyderabad,Pune Warriors,Pune Warriors,field,Sunrisers Hyderabad,0,1
385,2013,Rajasthan Royals,Delhi Capitals,Rajasthan Royals,bat,Rajasthan Royals,1,1
386,2013,Mumbai Indians,Chennai Super Kings,Mumbai Indians,bat,Mumbai Indians,1,1
387,2013,Pune Warriors,Punjab Kings,Pune Warriors,bat,Punjab Kings,0,0
388,2013,Royal Challengers Bangalore,Sunrisers Hyderabad,Royal Challengers Bangalore,bat,Sunrisers Hyderabad,0,0
389,2013,Rajasthan Royals,Kolkata Knight Riders,Kolkata Knight Riders,field,Rajasthan Royals,0,1
390,2013,Mumbai Indians,Delhi Capitals,Mumbai Indians,bat,Mumbai Indians,1,1
391,2013,Punjab Kings,Chennai Super Kings,Chennai Super Kings,field,Chennai Super Kings,1,0
392,2013,Kolkata Knight Riders,Royal Challengers Bangalore,Royal Challengers Bangalore,field,Royal Challengers Bangalore,1,0
393,2013,Rajasthan Royals,Pune Warriors,Rajasthan Royals,bat,Pune Warriors,0,0
394,2013,Delhi Capitals,Sunrisers Hyderabad,Delhi Daredevils,bat,Sunrisers Hyderabad,0,0
395,2013,Mumbai Indians,Pune Warriors,Mumbai Indians,bat,Mumbai Indians,1,1
396,2013,Royal Challengers Bangalore,Chennai Super Kings,Chennai Super Kings,field,Chennai Super Kings,1,0
397,2013,Kolkata Knight Riders,Sunrisers Hyderabad,Kolkata Knight Riders,bat,Kolkata Knight Riders,1,1
398,2013,Punjab Kings,Rajasthan Royals,Rajasthan Royals,field,Rajasthan Royals,1,0
399,2013,Pune Warriors,Chennai Super Kings,Pune Warriors,bat,Pune Warriors,1,1
400,2013,Punjab Kings,Kolkata Knight Riders,Kolkata Knight Riders,field,Punjab Kings,0,1
401,2013,Delhi Capitals,Royal Challengers Bangalore,Royal Challengers Bangalore,field,Royal Challengers Bangalore,1,0
402,2013,Sunrisers Hyderabad,Pune Warriors,Pune Warriors,field,Sunrisers Hyderabad,0,1
403,2013,Rajasthan Royals,Mumbai Indians,Rajasthan Royals,bat,Rajasthan Royals,1,1
404,2013,Chennai Super Kings,Delhi Capitals,Chennai Super Kings,bat,Chennai Super Kings,1,1
405,2013,Punjab Kings,Sunrisers Hyderabad,Kings XI Punjab,bat,Sunrisers Hyderabad,0,0
406,2013,Kolkata Knight Riders,Chennai Super Kings,Kolkata Knight Riders,bat,Chennai Super Kings,0,0
407,2013,Rajasthan Royals,Royal Challengers Bangalore,Royal Challengers Bangalore,field,Royal Challengers Bangalore,1,0
408,2013,Mumbai Indians,Delhi Capitals,Mumbai Indians,bat,Delhi Capitals,0,0
409,2013,Pune Warriors,Punjab Kings,Kings XI Punjab,field,Punjab Kings,0,0
410,2013,Rajasthan Royals,Chennai Super Kings,Rajasthan Royals,bat,Chennai Super Kings,0,0
411,2013,Royal Challengers Bangalore,Pune Warriors,Pune Warriors,field,Royal Challengers Bangalore,0,1
412,2013,Punjab Kings,Delhi Capitals,Delhi Daredevils,field,Punjab Kings,0,1
413,2013,Kolkata Knight Riders,Mumbai Indians,Kolkata Knight Riders,bat,Mumbai Indians,0,0
414,2013,Sunrisers Hyderabad,Chennai Super Kings,Sunrisers Hyderabad,bat,Chennai Super Kings,0,0
415,2013,Punjab Kings,Kolkata Knight Riders,Kings XI Punjab,bat,Kolkata Knight Riders,0,0
416,2013,Sunrisers Hyderabad,Rajasthan Royals,Sunrisers Hyderabad,bat,Rajasthan Royals,0,0
417,2013,Mumbai Indians,Royal Challengers Bangalore,Mumbai Indians,bat,Mumbai Indians,1,1
418,2013,Chennai Super Kings,Kolkata Knight Riders,Kolkata Knight Riders,field,Chennai Super Kings,0,1
419,2013,Delhi Capitals,Pune Warriors,Pune Warriors,field,Delhi Capitals,0,1
420,2013,Royal Challengers Bangalore,Rajasthan Royals,Rajasthan Royals,field,Rajasthan Royals,1,0
421,2013,Mumbai Indians,Punjab Kings,Mumbai Indians,bat,Mumbai Indians,1,1
422,2013,Chennai Super Kings,Pune Warriors,Chennai Super Kings,bat,Chennai Super Kings,1,1
423,2013,Mumbai Indians,Sunrisers Hyderabad,Mumbai Indians,bat,Sunrisers Hyderabad,0,0
424,2013,Kolkata Knight Riders,Delhi Capitals,Kolkata Knight Riders,bat,Delhi Capitals,0,0
425,2013,Chennai Super Kings,Punjab Kings,Chennai Super Kings,bat,Chennai Super Kings,1,1
426,2013,Royal Challengers Bangalore,Pune Warriors,Royal Challengers Bangalore,bat,Royal Challengers Bangalore,1,1
427,2013,Rajasthan Royals,Kolkata Knight Riders,Rajasthan Royals,bat,Kolkata Knight Riders,0,0
428,2013,Delhi Capitals,Sunrisers Hyderabad,Delhi Daredevils,bat,Sunrisers Hyderabad,0,0
429,2013,Royal Challengers Bangalore,Punjab Kings,Kings XI Punjab,field,Punjab Kings,0,0
430,2013,Mumbai Indians,Chennai Super Kings,Mumbai Indians,bat,Mumbai Indians,1,1
431,2013,Pune Warriors,Rajasthan Royals,Pune Warriors,bat,Rajasthan Royals,0,0
432,2013,Sunrisers Hyderabad,Royal Challengers Bangalore,Sunrisers Hyderabad,bat,Royal Challengers Bangalore,0,0
433,2013,Delhi Capitals,Rajasthan Royals,Delhi Daredevils,bat,Rajasthan Royals,0,0
434,2013,Mumbai Indians,Kolkata Knight Riders,Mumbai Indians,bat,Mumbai Indians,1,1
435,2013,Chennai Super Kings,Sunrisers Hyderabad,Sunrisers Hyderabad,field,Chennai Super Kings,0,1
436,2013,Punjab Kings,Rajasthan Royals,Rajasthan Royals,field,Rajasthan Royals,1,0
437,2013,Kolkata Knight Riders,Pune Warriors,Kolkata Knight Riders,bat,Kolkata Knight Riders,1,1
438,2013,Royal Challengers Bangalore,Delhi Capitals,Delhi Daredevils,field,Royal Challengers Bangalore,0,1
439,2013,Pune Warriors,Mumbai Indians,Pune Warriors,bat,Mumbai Indians,0,0
440,2013,Sunrisers Hyderabad,Punjab Kings,Kings XI Punjab,field,Sunrisers Hyderabad,0,1
441,2013,Royal Challengers Bangalore,Kolkata Knight Riders,Kolkata Knight Riders,field,Kolkata Knight Riders,1,0
442,2013,Chennai Super Kings,Rajasthan Royals,Rajasthan Royals,field,Rajasthan Royals,1,0
443,2013,Delhi Capitals,Punjab Kings,Kings XI Punjab,field,Punjab Kings,0,0
444,2013,Sunrisers Hyderabad,Mumbai Indians,Sunrisers Hyderabad,bat,Mumbai Indians,0,0
445,2013,Pune Warriors,Kolkata Knight Riders,Kolkata Knight Riders,field,Pune Warriors,0,1
446,2013,Chennai Super Kings,Delhi Capitals,Chennai Super Kings,bat,Chennai Super Kings,1,1
447,2013,Mumbai Indians,Rajasthan Royals,Rajasthan Royals,field,Mumbai Indians,0,1
448,2013,Royal Challengers Bangalore,Punjab Kings,Kings XI Punjab,field,Punjab Kings,0,0
449,2013,Sunrisers Hyderabad,Rajasthan Royals,Sunrisers Hyderabad,bat,Sunrisers Hyderabad,1,1
450,2013,Punjab Kings,Mumbai Indians,Mumbai Indians,field,Punjab Kings,0,1
451,2013,Pune Warriors,Delhi Capitals,Pune Warriors,bat,Pune Warriors,1,1
452,2013,Royal Challengers Bangalore,Chennai Super Kings,Chennai Super Kings,field,Royal Challengers Bangalore,0,1
453,2013,Kolkata Knight Riders,Sunrisers Hyderabad,Kolkata Knight Riders,bat,Sunrisers Hyderabad,0,0
454,2013,Chennai Super Kings,Mumbai Indians,Chennai Super Kings,bat,Chennai Super Kings,1,1
455,2013,Sunrisers Hyderabad,Rajasthan Royals,Sunrisers Hyderabad,bat,Rajasthan Royals,0,0
456,2013,Rajasthan Royals,Mumbai Indians,Rajasthan Royals,bat,Mumbai Indians,0,0
457,2013,Mumbai Indians,Chennai Super Kings,Mumbai Indians,bat,Mumbai Indians,1,1
458,2014,Kolkata Knight Riders,Mumbai Indians,Kolkata Knight Riders,bat,Kolkata Knight Riders,1,1
459,2014,Delhi Capitals,Royal Challengers Bangalore,Royal Challengers Bangalore,field,Royal Challengers Bangalore,1,0
460,2014,Chennai Super Kings,Punjab Kings,Chennai Super Kings,bat,Punjab Kings,0,0
461,2014,Sunrisers Hyderabad,Rajasthan Royals,Rajasthan Royals,field,Rajasthan Royals,1,0
462,2014,Mumbai Indians,Royal Challengers Bangalore,Royal Challengers Bangalore,field,Royal Challengers Bangalore,1,0
463,2014,Kolkata Knight Riders,Delhi Capitals,Kolkata Knight Riders,bat,Delhi Capitals,0,0
464,2014,Rajasthan Royals,Punjab Kings,Kings XI Punjab,field,Punjab Kings,0,0
465,2014,Chennai Super Kings,Delhi Capitals,Chennai Super Kings,bat,Chennai Super Kings,1,1
466,2014,Punjab Kings,Sunrisers Hyderabad,Sunrisers Hyderabad,field,Punjab Kings,0,1
467,2014,Chennai Super Kings,Rajasthan Royals,Rajasthan Royals,field,Chennai Super Kings,0,1
468,2014,Kolkata Knight Riders,Royal Challengers Bangalore,Royal Challengers Bangalore,field,Kolkata Knight Riders,0,1
469,2014,Sunrisers Hyderabad,Delhi Capitals,Sunrisers Hyderabad,bat,Sunrisers Hyderabad,1,1
470,2014,Mumbai Indians,Chennai Super Kings,Mumbai Indians,bat,Chennai Super Kings,0,0
471,2014,Royal Challengers Bangalore,Rajasthan Royals,Rajasthan Royals,field,Rajasthan Royals,1,0
472,2014,Punjab Kings,Kolkata Knight Riders,Kolkata Knight Riders,field,Punjab Kings,0,1
473,2014,Mumbai Indians,Delhi Capitals,Mumbai Indians,bat,Delhi Capitals,0,0
474,2014,Sunrisers Hyderabad,Chennai Super Kings,Sunrisers Hyderabad,bat,Chennai Super Kings,0,0
475,2014,Royal Challengers Bangalore,Punjab Kings,Kings XI Punjab,field,Punjab Kings,0,0
476,2014,Rajasthan Royals,Kolkata Knight Riders,Rajasthan Royals,bat,Rajasthan Royals,1,1
477,2014,Sunrisers Hyderabad,Mumbai Indians,Mumbai Indians,field,Sunrisers Hyderabad,0,1
478,2014,Chennai Super Kings,Kolkata Knight Riders,Chennai Super Kings,bat,Chennai Super Kings,1,1
479,2014,Punjab Kings,Mumbai Indians,Kings XI Punjab,bat,Mumbai Indians,0,0
480,2014,Delhi Capitals,Rajasthan Royals,Rajasthan Royals,field,Rajasthan Royals,1,0
481,2014,Sunrisers Hyderabad,Royal Challengers Bangalore,Royal Challengers Bangalore,field,Royal Challengers Bangalore,1,0
482,2014,Rajasthan Royals,Kolkata Knight Riders,Kolkata Knight Riders,field,Rajasthan Royals,0,1
483,2014,Delhi Capitals,Chennai Super Kings,Chennai Super Kings,field,Chennai Super Kings,1,0
484,2014,Mumbai Indians,Royal Challengers Bangalore,Royal Challengers Bangalore,field,Mumbai Indians,0,1
485,2014,Delhi Capitals,Kolkata Knight Riders,Delhi Daredevils,bat,Kolkata Knight Riders,0,0
486,2014,Punjab Kings,Chennai Super Kings,Chennai Super Kings,field,Punjab Kings,0,1
487,2014,Sunrisers Hyderabad,Rajasthan Royals,Rajasthan Royals,field,Sunrisers Hyderabad,0,1
488,2014,Punjab Kings,Royal Challengers Bangalore,Royal Challengers Bangalore,field,Punjab Kings,0,1
489,2014,Delhi Capitals,Sunrisers Hyderabad,Sunrisers Hyderabad,field,Sunrisers Hyderabad,1,0
490,2014,Mumbai Indians,Chennai Super Kings,Chennai Super Kings,field,Chennai Super Kings,1,0
491,2014,Punjab Kings,Kolkata Knight Riders,Kolkata Knight Riders,field,Kolkata Knight Riders,1,0
492,2014,Royal Challengers Bangalore,Rajasthan Royals,Royal Challengers Bangalore,bat,Rajasthan Royals,0,0
493,2014,Sunrisers Hyderabad,Mumbai Indians,Sunrisers Hyderabad,bat,Mumbai Indians,0,0
494,2014,Rajasthan Royals,Chennai Super Kings,Rajasthan Royals,bat,Chennai Super Kings,0,0
495,2014,Royal Challengers Bangalore,Delhi Capitals,Delhi Daredevils,field,Royal Challengers Bangalore,0,1
496,2014,Sunrisers Hyderabad,Punjab Kings,Kings XI Punjab,field,Punjab Kings,0,0
497,2014,Mumbai Indians,Kolkata Knight Riders,Kolkata Knight Riders,field,Kolkata Knight Riders,1,0
498,2014,Rajasthan Royals,Delhi Capitals,Delhi Daredevils,field,Rajasthan Royals,0,1
499,2014,Chennai Super Kings,Royal Challengers Bangalore,Chennai Super Kings,bat,Royal Challengers Bangalore,0,0
500,2014,Sunrisers Hyderabad,Kolkata Knight Riders,Sunrisers Hyderabad,bat,Kolkata Knight Riders,0,0
501,2014,Mumbai Indians,Rajasthan Royals,Mumbai Indians,bat,Mumbai Indians,1,1
502,2014,Delhi Capitals,Punjab Kings,Kings XI Punjab,field,Punjab Kings,0,0
503,2014,Royal Challengers Bangalore,Sunrisers Hyderabad,Royal Challengers Bangalore,bat,Sunrisers Hyderabad,0,0
504,2014,Chennai Super Kings,Kolkata Knight Riders,Kolkata Knight Riders,field,Kolkata Knight Riders,1,0
505,2014,Punjab Kings,Mumbai Indians,Mumbai Indians,field,Mumbai Indians,1,0
506,2014,Kolkata Knight Riders,Royal Challengers Bangalore,Royal Challengers Bangalore,field,Kolkata Knight Riders,0,1
507,2014,Chennai Super Kings,Sunrisers Hyderabad,Sunrisers Hyderabad,field,Sunrisers Hyderabad,1,0
508,2014,Mumbai Indians,Delhi Capitals,Delhi Daredevils,field,Mumbai Indians,0,1
509,2014,Punjab Kings,Rajasthan Royals,Rajasthan Royals,field,Punjab Kings,0,1
510,2014,Royal Challengers Bangalore,Chennai Super Kings,Chennai Super Kings,field,Chennai Super Kings,1,0
511,2014,Sunrisers Hyderabad,Kolkata Knight Riders,Kolkata Knight Riders,field,Kolkata Knight Riders,1,0
512,2014,Delhi Capitals,Punjab Kings,Kings XI Punjab,field,Punjab Kings,0,0
513,2014,Rajasthan Royals,Mumbai Indians,Mumbai Indians,field,Mumbai Indians,1,0
514,2014,Kolkata Knight Riders,Punjab Kings,Kings XI Punjab,field,Kolkata Knight Riders,0,1
515,2014,Mumbai Indians,Chennai Super Kings,Chennai Super Kings,field,Chennai Super Kings,1,0
516,2014,Punjab Kings,Chennai Super Kings,Chennai Super Kings,field,Punjab Kings,0,1
517,2014,Punjab Kings,Kolkata Knight Riders,Kolkata Knight Riders,field,Kolkata Knight Riders,1,0
518,2015,Mumbai Indians,Kolkata Knight Riders,Kolkata Knight Riders,field,Kolkata Knight Riders,1,0
519,2015,Chennai Super Kings,Delhi Capitals,Delhi Daredevils,field,Chennai Super Kings,0,1
520,2015,Rajasthan Royals,Punjab Kings,Kings XI Punjab,field,Rajasthan Royals,0,1
521,2015,Chennai Super Kings,Sunrisers Hyderabad,Chennai Super Kings,bat,Chennai Super Kings,1,1
522,2015,Kolkata Knight Riders,Royal Challengers Bangalore,Royal Challengers Bangalore,field,Royal Challengers Bangalore,1,0
523,2015,Delhi Capitals,Rajasthan Royals,Rajasthan Royals,field,Rajasthan Royals,1,0
524,2015,Punjab Kings,Mumbai Indians,Mumbai Indians,field,Punjab Kings,0,1
525,2015,Royal Challengers Bangalore,Sunrisers Hyderabad,Sunrisers Hyderabad,field,Sunrisers Hyderabad,1,0
526,2015,Mumbai Indians,Rajasthan Royals,Mumbai Indians,bat,Rajasthan Royals,0,0
527,2015,Chennai Super Kings,Kolkata Knight Riders,Kolkata Knight Riders,field,Kolkata Knight Riders,1,0
528,2015,Punjab Kings,Delhi Capitals,Kings XI Punjab,bat,Delhi Capitals,0,0
529,2015,Sunrisers Hyderabad,Rajasthan Royals,Rajasthan Royals,field,Rajasthan Royals,1,0
530,2015,Mumbai Indians,Chennai Super Kings,Mumbai Indians,bat,Chennai Super Kings,0,0
531,2015,Delhi Capitals,Sunrisers Hyderabad,Delhi Daredevils,bat,Delhi Capitals,0,1
532,2015,Punjab Kings,Kolkata Knight Riders,Kolkata Knight Riders,field,Kolkata Knight Riders,1,0
533,2015,Chennai Super Kings,Rajasthan Royals,Chennai Super Kings,bat,Rajasthan Royals,0,0
534,2015,Mumbai Indians,Royal Challengers Bangalore,Royal Challengers Bangalore,field,Mumbai Indians,0,1
535,2015,Delhi Capitals,Kolkata Knight Riders,Kolkata Knight Riders,field,Kolkata Knight Riders,1,0
536,2015,Rajasthan Royals,Punjab Kings,Kings XI Punjab,field,Punjab Kings,0,0
537,2015,Sunrisers Hyderabad,Kolkata Knight Riders,Kolkata Knight Riders,field,Sunrisers Hyderabad,0,1
538,2015,Chennai Super Kings,Royal Challengers Bangalore,Royal Challengers Bangalore,field,Chennai Super Kings,0,1
539,2015,Delhi Capitals,Mumbai Indians,Mumbai Indians,field,Delhi Capitals,0,1
540,2015,Rajasthan Royals,Royal Challengers Bangalore,Royal Challengers Bangalore,field,Royal Challengers Bangalore,1,0
541,2015,Mumbai Indians,Sunrisers Hyderabad,Mumbai Indians,bat,Mumbai Indians,1,1
542,2015,Chennai Super Kings,Punjab Kings,Chennai Super Kings,bat,Chennai Super Kings,1,1
543,2015,Delhi Capitals,Royal Challengers Bangalore,Royal Challengers Bangalore,field,Royal Challengers Bangalore,1,0
544,2015,Sunrisers Hyderabad,Punjab Kings,Kings XI Punjab,field,Sunrisers Hyderabad,0,1
545,2015,Kolkata Knight Riders,Delhi Capitals,Kolkata Knight Riders,bat,Kolkata Knight Riders,1,1
546,2015,Royal Challengers Bangalore,Rajasthan Royals,Rajasthan Royals,field,,0,0
547,2015,Chennai Super Kings,Kolkata Knight Riders,Kolkata Knight Riders,field,Chennai Super Kings,0,1
548,2015,Punjab Kings,Delhi Capitals,Delhi Daredevils,field,Delhi Capitals,0,0
549,2015,Mumbai Indians,Rajasthan Royals,Rajasthan Royals,field,Mumbai Indians,0,1
550,2015,Kolkata Knight Riders,Royal Challengers Bangalore,Royal Challengers Bangalore,field,Royal Challengers Bangalore,1,0
551,2015,Sunrisers Hyderabad,Chennai Super Kings,Chennai Super Kings,field,Sunrisers Hyderabad,0,1
552,2015,Mumbai Indians,Punjab Kings,Mumbai Indians,bat,Mumbai Indians,1,1
553,2015,Rajasthan Royals,Delhi Capitals,Delhi Daredevils,field,Rajasthan Royals,0,1
554,2015,Chennai Super Kings,Royal Challengers Bangalore,Chennai Super Kings,bat,Chennai Super Kings,1,1
555,2015,Kolkata Knight Riders,Sunrisers Hyderabad,Sunrisers Hyderabad,field,Kolkata Knight Riders,0,1
556,2015,Delhi Capitals,Mumbai Indians,Delhi Daredevils,bat,Mumbai Indians,0,0
557,2015,Royal Challengers Bangalore,Punjab Kings,Kings XI Punjab,field,Royal Challengers Bangalore,0,1
558,2015,Sunrisers Hyderabad,Rajasthan Royals,Rajasthan Royals,field,Sunrisers Hyderabad,0,1
559,2015,Chennai Super Kings,Mumbai Indians,Chennai Super Kings,bat,Mumbai Indians,0,0
560,2015,Punjab Kings,Kolkata Knight Riders,Kings XI Punjab,bat,Kolkata Knight Riders,0,0
561,2015,Sunrisers Hyderabad,Delhi Capitals,Sunrisers Hyderabad,bat,Sunrisers Hyderabad,1,1
562,2015,Royal Challengers Bangalore,Mumbai Indians,Royal Challengers Bangalore,bat,Royal Challengers Bangalore,1,1
563,2015,Chennai Super Kings,Rajasthan Royals,Chennai Super Kings,bat,Chennai Super Kings,1,1
564,2015,Sunrisers Hyderabad,Punjab Kings,Sunrisers Hyderabad,bat,Sunrisers Hyderabad,1,1
565,2015,Chennai Super Kings,Delhi Capitals,Chennai Super Kings,bat,Delhi Capitals,0,0
566,2015,Punjab Kings,Royal Challengers Bangalore,Royal Challengers Bangalore,field,Punjab Kings,0,1
567,2015,Mumbai Indians,Kolkata Knight Riders,Kolkata Knight Riders,field,Mumbai Indians,0,1
568,2015,Sunrisers Hyderabad,Royal Challengers Bangalore,Sunrisers Hyderabad,bat,Royal Challengers Bangalore,0,0
569,2015,Punjab Kings,Chennai Super Kings,Kings XI Punjab,bat,Chennai Super Kings,0,0
570,2015,Rajasthan Royals,Kolkata Knight Riders,Rajasthan Royals,bat,Rajasthan Royals,1,1
571,2015,Delhi Capitals,Royal Challengers Bangalore,Royal Challengers Bangalore,field,,0,0
572,2015,Sunrisers Hyderabad,Mumbai Indians,Sunrisers Hyderabad,bat,Mumbai Indians,0,0
573,2015,Mumbai Indians,Chennai Super Kings,Mumbai Indians,bat,Mumbai Indians,1,1
574,2015,Royal Challengers Bangalore,Rajasthan Royals,Royal Challengers Bangalore,bat,Royal Challengers Bangalore,1,1
575,2015,Royal Challengers Bangalore,Chennai Super Kings,Chennai Super Kings,field,Chennai Super Kings,1,0
576,2015,Mumbai Indians,Chennai Super Kings,Chennai Super Kings,field,Mumbai Indians,0,1
577,2016,Mumbai Indians,Rising Pune Supergiant,Mumbai Indians,bat,Rising Pune Supergiant,0,0
578,2016,Delhi Capitals,Kolkata Knight Riders,Kolkata Knight Riders,field,Kolkata Knight Riders,1,0
579,2016,Punjab Kings,Gujarat Lions,Gujarat Lions,field,Gujarat Lions,1,0
580,2016,Royal Challengers Bangalore,Sunrisers Hyderabad,Sunrisers Hyderabad,field,Royal Challengers Bangalore,0,1
581,2016,Kolkata Knight Riders,Mumbai Indians,Mumbai Indians,field,Mumbai Indians,1,0
582,2016,Rising Pune Supergiant,Gujarat Lions,Rising Pune Supergiants,bat,Gujarat Lions,0,0
583,2016,Punjab Kings,Delhi Capitals,Delhi Daredevils,field,Delhi Capitals,0,0
584,2016,Sunrisers Hyderabad,Kolkata Knight Riders,Sunrisers Hyderabad,bat,Kolkata Knight Riders,0,0
585,2016,Mumbai Indians,Gujarat Lions,Gujarat Lions,field,Gujarat Lions,1,0
586,2016,Rising Pune Supergiant,Punjab Kings,Rising Pune Supergiants,bat,Punjab Kings,0,0
587,2016,Royal Challengers Bangalore,Delhi Capitals,Delhi Daredevils,field,Delhi Capitals,0,0
588,2016,Mumbai Indians,Sunrisers Hyderabad,Sunrisers Hyderabad,field,Sunrisers Hyderabad,1,0
589,2016,Punjab Kings,Kolkata Knight Riders,Kolkata Knight Riders,field,Kolkata Knight Riders,1,0
590,2016,Royal Challengers Bangalore,Mumbai Indians,Mumbai Indians,field,Mumbai Indians,1,0
591,2016,Gujarat Lions,Sunrisers Hyderabad,Sunrisers Hyderabad,field,Sunrisers Hyderabad,1,0
592,2016,Royal Challengers Bangalore,Rising Pune Supergiant,Rising Pune Supergiants,field,Royal Challengers Bangalore,0,1
593,2016,Delhi Capitals,Mumbai Indians,Mumbai Indians,field,Delhi Capitals,0,1
594,2016,Punjab Kings,Sunrisers Hyderabad,Sunrisers Hyderabad,field,Sunrisers Hyderabad,1,0
595,2016,Royal Challengers Bangalore,Gujarat Lions,Royal Challengers Bangalore,bat,Gujarat Lions,0,0
596,2016,Rising Pune Supergiant,Kolkata Knight Riders,Kolkata Knight Riders,field,Kolkata Knight Riders,1,0
597,2016,Mumbai Indians,Punjab Kings,Kings XI Punjab,field,Mumbai Indians,0,1
598,2016,Sunrisers Hyderabad,Rising Pune Supergiant,Rising Pune Supergiants,field,Rising Pune Supergiant,0,0
599,2016,Gujarat Lions,Delhi Capitals,Delhi Daredevils,field,Gujarat Lions,0,1
600,2016,Kolkata Knight Riders,Mumbai Indians,Mumbai Indians,field,Mumbai Indians,1,0
601,2016,Rising Pune Supergiant,Gujarat Lions,Gujarat Lions,field,Gujarat Lions,1,0
602,2016,Delhi Capitals,Kolkata Knight Riders,Kolkata Knight Riders,field,Delhi Capitals,0,1
603,2016,Sunrisers Hyderabad,Royal Challengers Bangalore,Royal Challengers Bangalore,field,Sunrisers Hyderabad,0,1
604,2016,Punjab Kings,Gujarat Lions,Gujarat Lions,field,Punjab Kings,0,1
605,2016,Rising Pune Supergiant,Mumbai Indians,Mumbai Indians,field,Mumbai Indians,1,0
606,2016,Royal Challengers Bangalore,Kolkata Knight Riders,Kolkata Knight Riders,field,Kolkata Knight Riders,1,0
607,2016,Gujarat Lions,Delhi Capitals,Delhi Daredevils,field,Delhi Capitals,0,0
608,2016,Kolkata Knight Riders,Punjab Kings,Kings XI Punjab,field,Kolkata Knight Riders,0,1
609,2016,Delhi Capitals,Rising Pune Supergiant,Rising Pune Supergiants,field,Rising Pune Supergiant,0,0
610,2016,Gujarat Lions,Sunrisers Hyderabad,Sunrisers Hyderabad,field,Sunrisers Hyderabad,1,0
611,2016,Rising Pune Supergiant,Royal Challengers Bangalore,Royal Challengers Bangalore,field,Royal Challengers Bangalore,1,0
612,2016,Punjab Kings,Delhi Capitals,Delhi Daredevils,field,Punjab Kings,0,1
613,2016,Sunrisers Hyderabad,Mumbai Indians,Mumbai Indians,field,Sunrisers Hyderabad,0,1
614,2016,Kolkata Knight Riders,Gujarat Lions,Gujarat Lions,field,Gujarat Lions,1,0
615,2016,Royal Challengers Bangalore,Punjab Kings,Kings XI Punjab,field,Royal Challengers Bangalore,0,1
616,2016,Sunrisers Hyderabad,Rising Pune Supergiant,Sunrisers Hyderabad,bat,Sunrisers Hyderabad,1,1
617,2016,Royal Challengers Bangalore,Mumbai Indians,Mumbai Indians,field,Mumbai Indians,1,0
618,2016,Sunrisers Hyderabad,Delhi Capitals,Delhi Daredevils,field,Delhi Capitals,0,0
619,2016,Mumbai Indians,Punjab Kings,Mumbai Indians,bat,Punjab Kings,0,0
620,2016,Royal Challengers Bangalore,Gujarat Lions,Gujarat Lions,field,Royal Challengers Bangalore,0,1
621,2016,Rising Pune Supergiant,Kolkata Knight Riders,Rising Pune Supergiants,bat,Kolkata Knight Riders,0,0
622,2016,Punjab Kings,Sunrisers Hyderabad,Kings XI Punjab,bat,Sunrisers Hyderabad,0,0
623,2016,Mumbai Indians,Delhi Capitals,Delhi Daredevils,field,Mumbai Indians,0,1
624,2016,Kolkata Knight Riders,Royal Challengers Bangalore,Royal Challengers Bangalore,field,Royal Challengers Bangalore,1,0
625,2016,Delhi Capitals,Rising Pune Supergiant,Rising Pune Supergiants,field,Rising Pune Supergiant,0,0
626,2016,Royal Challengers Bangalore,Punjab Kings,Kings XI Punjab,field,Royal Challengers Bangalore,0,1
627,2016,Kolkata Knight Riders,Gujarat Lions,Gujarat Lions,field,Gujarat Lions,1,0
628,2016,Sunrisers Hyderabad,Delhi Capitals,Delhi Daredevils,field,Delhi Capitals,0,0
629,2016,Punjab Kings,Rising Pune Supergiant,Kings XI Punjab,bat,Rising Pune Supergiant,0,0
630,2016,Mumbai Indians,Gujarat Lions,Gujarat Lions,field,Gujarat Lions,1,0
631,2016,Kolkata Knight Riders,Sunrisers Hyderabad,Sunrisers Hyderabad,field,Kolkata Knight Riders,0,1
632,2016,Delhi Capitals,Royal Challengers Bangalore,Royal Challengers Bangalore,field,Royal Challengers Bangalore,1,0
633,2016,Gujarat Lions,Royal Challengers Bangalore,Royal Challengers Bangalore,field,Royal Challengers Bangalore,1,0
634,2016,Sunrisers Hyderabad,Kolkata Knight Riders,Kolkata Knight Riders,field,Sunrisers Hyderabad,0,1
635,2016,Gujarat Lions,Sunrisers Hyderabad,Sunrisers Hyderabad,field,Sunrisers Hyderabad,1,0
636,2016,Sunrisers Hyderabad,Royal Challengers Bangalore,Sunrisers Hyderabad,bat,Sunrisers Hyderabad,1,1
7894,2018,Mumbai Indians,Chennai Super Kings,Chennai Super Kings,field,Chennai Super Kings,1,0
7895,2018,Delhi Capitals,Punjab Kings,Kings XI Punjab,field,Punjab Kings,0,0
7896,2018,Royal Challengers Bangalore,Kolkata Knight Riders,Kolkata Knight Riders,field,Kolkata Knight Riders,1,0
7897,2018,Rajasthan Royals,Sunrisers Hyderabad,Sunrisers Hyderabad,field,Sunrisers Hyderabad,1,0
7898,2018,Kolkata Knight Riders,Chennai Super Kings,Chennai Super Kings,field,Chennai Super Kings,1,0
7899,2018,Rajasthan Royals,Delhi Capitals,Delhi Daredevils,field,Rajasthan Royals,0,1
7900,2018,Mumbai Indians,Sunrisers Hyderabad,Sunrisers Hyderabad,field,Sunrisers Hyderabad,1,0
7901,2018,Punjab Kings,Royal Challengers Bangalore,Royal Challengers Bangalore,field,Royal Challengers Bangalore,1,0
7902,2018,Mumbai Indians,Delhi Capitals,Delhi Daredevils,field,Delhi Capitals,0,0
7903,2018,Kolkata Knight Riders,Sunrisers Hyderabad,Sunrisers Hyderabad,field,Sunrisers Hyderabad,1,0
7904,2018,Rajasthan Royals,Royal Challengers Bangalore,Royal Challengers Bangalore,field,Rajasthan Royals,0,1
7905,2018,Punjab Kings,Chennai Super Kings,Chennai Super Kings,field,Punjab Kings,0,1
7906,2018,Kolkata Knight Riders,Delhi Capitals,Delhi Daredevils,field,Kolkata Knight Riders,0,1
7907,2018,Mumbai Indians,Royal Challengers Bangalore,Royal Challengers Bangalore,field,Mumbai Indians,0,1
7908,2018,Rajasthan Royals,Kolkata Knight Riders,Kolkata Knight Riders,field,Kolkata Knight Riders,1,0
7909,2018,Punjab Kings,Sunrisers Hyderabad,Kings XI Punjab,bat,Punjab Kings,0,1
7910,2018,Chennai Super Kings,Rajasthan Royals,Rajasthan Royals,field,Chennai Super Kings,0,1
7911,2018,Kolkata Knight Riders,Punjab Kings,Kings XI Punjab,field,Punjab Kings,0,0
7912,2018,Delhi Capitals,Royal Challengers Bangalore,Royal Challengers Bangalore,field,Royal Challengers Bangalore,1,0
7913,2018,Chennai Super Kings,Sunrisers Hyderabad,Sunrisers Hyderabad,field,Chennai Super Kings,0,1
7914,2018,Mumbai Indians,Rajasthan Royals,Mumbai Indians,bat,Rajasthan Royals,0,0
7915,2018,Punjab Kings,Delhi Capitals,Delhi Daredevils,field,Punjab Kings,0,1
7916,2018,Sunrisers Hyderabad,Mumbai Indians,Mumbai Indians,field,Sunrisers Hyderabad,0,1
7917,2018,Royal Challengers Bangalore,Chennai Super Kings,Chennai Super Kings,field,Chennai Super Kings,1,0
7918,2018,Sunrisers Hyderabad,Punjab Kings,Kings XI Punjab,field,Sunrisers Hyderabad,0,1
7919,2018,Delhi Capitals,Kolkata Knight Riders,Kolkata Knight Riders,field,Delhi Capitals,0,1
7920,2018,Chennai Super Kings,Mumbai Indians,Mumbai Indians,field,Mumbai Indians,1,0
7921,2018,Sunrisers Hyderabad,Rajasthan Royals,Sunrisers Hyderabad,bat,Sunrisers Hyderabad,1,1
7922,2018,Royal Challengers Bangalore,Kolkata Knight Riders,Kolkata Knight Riders,field,Kolkata Knight Riders,1,0
7923,2018,Chennai Super Kings,Delhi Capitals,Delhi Daredevils,field,Chennai Super Kings,0,1
7924,2018,Royal Challengers Bangalore,Mumbai Indians,Mumbai Indians,field,Royal Challengers Bangalore,0,1
7925,2018,Delhi Capitals,Rajasthan Royals,Rajasthan Royals,field,Delhi Capitals,0,1
7926,2018,Chennai Super Kings,Kolkata Knight Riders,Kolkata Knight Riders,field,Kolkata Knight Riders,1,0
7927,2018,Punjab Kings,Mumbai Indians,Mumbai Indians,field,Mumbai Indians,1,0
7928,2018,Royal Challengers Bangalore,Chennai Super Kings,Chennai Super Kings,field,Chennai Super Kings,1,0
7929,2018,Delhi Capitals,Sunrisers Hyderabad,Delhi Daredevils,bat,Sunrisers Hyderabad,0,0
7930,2018,Mumbai Indians,Kolkata Knight Riders,Kolkata Knight Riders,field,Mumbai Indians,0,1
7931,2018,Rajasthan Royals,Punjab Kings,Kings XI Punjab,field,Punjab Kings,0,0
7932,2018,Sunrisers Hyderabad,Royal Challengers Bangalore,Royal Challengers Bangalore,field,Sunrisers Hyderabad,0,1
7933,2018,Rajasthan Royals,Punjab Kings,Rajasthan Royals,bat,Rajasthan Royals,1,1
7934,2018,Mumbai Indians,Kolkata Knight Riders,Kolkata Knight Riders,field,Mumbai Indians,0,1
7935,2018,Delhi Capitals,Sunrisers Hyderabad,Delhi Daredevils,bat,Sunrisers Hyderabad,0,0
7936,2018,Chennai Super Kings,Rajasthan Royals,Chennai Super Kings,bat,Rajasthan Royals,0,0
7937,2018,Kolkata Knight Riders,Punjab Kings,Kings XI Punjab,field,Kolkata Knight Riders,0,1
7938,2018,Delhi Capitals,Royal Challengers Bangalore,Royal Challengers Bangalore,field,Royal Challengers Bangalore,1,0
7939,2018,Sunrisers Hyderabad,Chennai Super Kings,Chennai Super Kings,field,Chennai Super Kings,1,0
7940,2018,Mumbai Indians,Rajasthan Royals,Rajasthan Royals,field,Rajasthan Royals,1,0
7941,2018,Punjab Kings,Royal Challengers Bangalore,Royal Challengers Bangalore,field,Royal Challengers Bangalore,1,0
7942,2018,Rajasthan Royals,Kolkata Knight Riders,Kolkata Knight Riders,field,Kolkata Knight Riders,1,0
7943,2018,Mumbai Indians,Punjab Kings,Kings XI Punjab,field,Mumbai Indians,0,1
7944,2018,Royal Challengers Bangalore,Sunrisers Hyderabad,Sunrisers Hyderabad,field,Royal Challengers Bangalore,0,1
7945,2018,Delhi Capitals,Chennai Super Kings,Chennai Super Kings,field,Delhi Capitals,0,1
7946,2018,Rajasthan Royals,Royal Challengers Bangalore,Rajasthan Royals,bat,Rajasthan Royals,1,1
7947,2018,Sunrisers Hyderabad,Kolkata Knight Riders,Sunrisers Hyderabad,bat,Kolkata Knight Riders,0,0
7948,2018,Delhi Capitals,Mumbai Indians,Delhi Daredevils,bat,Delhi Capitals,0,1
7949,2018,Punjab Kings,Chennai Super Kings,Chennai Super Kings,field,Chennai Super Kings,1,0
7950,2018,Sunrisers Hyderabad,Chennai Super Kings,Chennai Super Kings,field,Chennai Super Kings,1,0
7951,2018,Kolkata Knight Riders,Rajasthan Royals,Rajasthan Royals,field,Kolkata Knight Riders,0,1
7952,2018,Sunrisers Hyderabad,Kolkata Knight Riders,Kolkata Knight Riders,field,Sunrisers Hyderabad,0,1
7953,2018,Sunrisers Hyderabad,Chennai Super Kings,Chennai Super Kings,field,Chennai Super Kings,1,0
11137,2019,Royal Challengers Bangalore,Chennai Super Kings,Chennai Super Kings,field,Chennai Super Kings,1,0
11138,2019,Sunrisers Hyderabad,Kolkata Knight Riders,Kolkata Knight Riders,field,Kolkata Knight Riders,1,0
11139,2019,Delhi Capitals,Mumbai Indians,Mumbai Indians,field,Delhi Capitals,0,1
11140,2019,Punjab Kings,Rajasthan Royals,Rajasthan Royals,field,Punjab Kings,0,1
11141,2019,Delhi Capitals,Chennai Super Kings,Delhi Capitals,bat,Chennai Super Kings,0,0
11142,2019,Kolkata Knight Riders,Punjab Kings,Kings XI Punjab,field,Kolkata Knight Riders,0,1
11143,2019,Mumbai Indians,Royal Challengers Bangalore,Royal Challengers Bangalore,field,Mumbai Indians,0,1
11144,2019,Rajasthan Royals,Sunrisers Hyderabad,Rajasthan Royals,bat,Sunrisers Hyderabad,0,0
11145,2019,Mumbai Indians,Punjab Kings,Kings XI Punjab,field,Punjab Kings,0,0
11146,2019,Kolkata Knight Riders,Delhi Capitals,Delhi Capitals,field,Delhi Capitals,1,0
11147,2019,Sunrisers Hyderabad,Royal Challengers Bangalore,Royal Challengers Bangalore,field,Sunrisers Hyderabad,0,1
11148,2019,Chennai Super Kings,Rajasthan Royals,Rajasthan Royals,field,Chennai Super Kings,0,1
11149,2019,Punjab Kings,Delhi Capitals,Delhi Capitals,field,Punjab Kings,0,1
11150,2019,Royal Challengers Bangalore,Rajasthan Royals,Rajasthan Royals,field,Rajasthan Royals,1,0
11151,2019,Mumbai Indians,Chennai Super Kings,Chennai Super Kings,field,Mumbai Indians,0,1
11152,2019,Delhi Capitals,Sunrisers Hyderabad,Sunrisers Hyderabad,field,Sunrisers Hyderabad,1,0
11153,2019,Royal Challengers Bangalore,Kolkata Knight Riders,Kolkata Knight Riders,field,Kolkata Knight Riders,1,0
11309,2019,Chennai Super Kings,Punjab Kings,Chennai Super Kings,bat,Chennai Super Kings,1,1
11310,2019,Mumbai Indians,Sunrisers Hyderabad,Sunrisers Hyderabad,field,Mumbai Indians,0,1
11311,2019,Royal Challengers Bangalore,Delhi Capitals,Delhi Capitals,field,Delhi Capitals,1,0
11312,2019,Rajasthan Royals,Kolkata Knight Riders,Kolkata Knight Riders,field,Kolkata Knight Riders,1,0
11313,2019,Sunrisers Hyderabad,Punjab Kings,Kings XI Punjab,field,Punjab Kings,0,0
11314,2019,Kolkata Knight Riders,Chennai Super Kings,Chennai Super Kings,field,Chennai Super Kings,1,0
11315,2019,Punjab Kings,Mumbai Indians,Mumbai Indians,field,Mumbai Indians,1,0
11316,2019,Rajasthan Royals,Chennai Super Kings,Chennai Super Kings,field,Chennai Super Kings,1,0
11317,2019,Kolkata Knight Riders,Delhi Capitals,Delhi Capitals,field,Delhi Capitals,1,0
11318,2019,Mumbai Indians,Rajasthan Royals,Rajasthan Royals,field,Rajasthan Royals,1,0
11319,2019,Punjab Kings,Royal Challengers Bangalore,Royal Challengers Bangalore,field,Royal Challengers Bangalore,1,0
11320,2019,Kolkata Knight Riders,Chennai Super Kings,Chennai Super Kings,field,Chennai Super Kings,1,0
11321,2019,Delhi Capitals,Sunrisers Hyderabad,Sunrisers Hyderabad,field,Delhi Capitals,0,1
11322,2019,Royal Challengers Bangalore,Mumbai Indians,Mumbai Indians,field,Mumbai Indians,1,0
11323,2019,Punjab Kings,Rajasthan Royals,Rajasthan Royals,field,Punjab Kings,0,1
11324,2019,Chennai Super Kings,Sunrisers Hyderabad,Chennai Super Kings,bat,Sunrisers Hyderabad,0,0
11325,2019,Mumbai Indians,Delhi Capitals,Mumbai Indians,bat,Mumbai Indians,1,1
11326,2019,Royal Challengers Bangalore,Kolkata Knight Riders,Kolkata Knight Riders,field,Royal Challengers Bangalore,0,1
11327,2019,Mumbai Indians,Rajasthan Royals,Rajasthan Royals,field,Rajasthan Royals,1,0
11328,2019,Punjab Kings,Delhi Capitals,Delhi Capitals,field,Delhi Capitals,1,0
11329,2019,Kolkata Knight Riders,Sunrisers Hyderabad,Sunrisers Hyderabad,field,Sunrisers Hyderabad,1,0
11330,2019,Royal Challengers Bangalore,Chennai Super Kings,Chennai Super Kings,field,Royal Challengers Bangalore,0,1
11331,2019,Rajasthan Royals,Delhi Capitals,Delhi Capitals,field,Delhi Capitals,1,0
11332,2019,Sunrisers Hyderabad,Chennai Super Kings,Chennai Super Kings,field,Chennai Super Kings,1,0
11333,2019,Royal Challengers Bangalore,Punjab Kings,Kings XI Punjab,field,Royal Challengers Bangalore,0,1
11334,2019,Kolkata Knight Riders,Rajasthan Royals,Rajasthan Royals,field,Rajasthan Royals,1,0
11335,2019,Mumbai Indians,Chennai Super Kings,Chennai Super Kings,field,Mumbai Indians,0,1
11336,2019,Sunrisers Hyderabad,Rajasthan Royals,Rajasthan Royals,field,Rajasthan Royals,1,0
11337,2019,Delhi Capitals,Royal Challengers Bangalore,Delhi Capitals,bat,Delhi Capitals,1,1
11338,2019,Kolkata Knight Riders,Mumbai Indians,Mumbai Indians,field,Kolkata Knight Riders,0,1
11339,2019,Sunrisers Hyderabad,Punjab Kings,Kings XI Punjab,field,Sunrisers Hyderabad,0,1
11340,2019,Royal Challengers Bangalore,Rajasthan Royals,Rajasthan Royals,field,,0,0
11341,2019,Chennai Super Kings,Delhi Capitals,Delhi Capitals,field,Chennai Super Kings,0,1
11342,2019,Mumbai Indians,Sunrisers Hyderabad,Mumbai Indians,bat,Mumbai Indians,1,1
11343,2019,Punjab Kings,Kolkata Knight Riders,Kolkata Knight Riders,field,Kolkata Knight Riders,1,0
11344,2019,Rajasthan Royals,Delhi Capitals,Rajasthan Royals,bat,Delhi Capitals,0,0
11345,2019,Sunrisers Hyderabad,Royal Challengers Bangalore,Royal Challengers Bangalore,field,Royal Challengers Bangalore,1,0
11346,2019,Chennai Super Kings,Punjab Kings,Kings XI Punjab,field,Punjab Kings,0,0
11347,2019,Kolkata Knight Riders,Mumbai Indians,Mumbai Indians,field,Mumbai Indians,1,0
11412,2019,Chennai Super Kings,Mumbai Indians,Chennai Super Kings,bat,Mumbai Indians,0,0
11413,2019,Sunrisers Hyderabad,Delhi Capitals,Delhi Capitals,field,Delhi Capitals,1,0
11414,2019,Delhi Capitals,Chennai Super Kings,Chennai Super Kings,field,Chennai Super Kings,1,0
11415,2019,Mumbai Indians,Chennai Super Kings,Mumbai Indians,bat,Mumbai Indians,1,1
